Label,Feature,Weight
Fraud,profit,1.636446464368105
Fraud,deposit,1.5577688567644419
Fraud,funds,1.4927949730224017
Fraud,profits,1.2997332460317415
Fraud,institution,1.137098631007569
Fraud,withdrawal,1.1087431057306947
Fraud,50,1.0937796378463416
Fraud,immediately,0.9982013114276417
Fraud,certain,0.986884676488834
Fraud,price,0.9733354006127289
Fraud,reply,0.9518789481945465
Fraud,platform,0.9418995559637138
Normal,notice,0.7354577072477488
Normal,performance,0.721923796276522
Normal,ok,0.7055064933975629
Normal,explains,0.7015110148380714
Normal,changes,0.6870265889159981
Normal,portal,0.6531038688339248
Normal,just,0.6412867643817424
Normal,regulated,0.6367674292803187
Normal,risk,0.6257965670438541
Normal,financial,0.6156731797494661
Normal,come,0.611112579788244
Normal,fees,0.6062914475125436
Suspicious,research,1.609136479454325
Suspicious,advisor,1.483005422084915
Suspicious,market,1.4478028461168804
Suspicious,focused,1.4004553777685886
Suspicious,premium,1.3773826239530622
Suspicious,guidance,1.2649778811646348
Suspicious,limited,1.220918037501811
Suspicious,access,1.1531324711571507
Suspicious,growth,1.1293883100025581
Suspicious,selected,1.1138192178115336
Suspicious,limited access,1.1021786311544968
Suspicious,special,1.0822997710655828
